URL,url_source
https://whatisyourdream.xyz,golden_data_2
https://hitsports.pro,golden_data_2
http://mail.ba-technik.com,golden_data_2
https://cs2bet.pro,golden_data_2
https://mx4.naverex.net,golden_data_2
https://seosite.today,golden_data_2
https://projects.ehna.me,golden_data_2
https://mail.ionbit.id,golden_data_2
https://lefestin.barjoteam.fr,golden_data_2
https://top-tech.pro,golden_data_2
https://lautstark.dev,golden_data_2
https://ncdnr000.xyz,golden_data_2
https://movieplex.biz,golden_data_2
https://film2play.com,golden_data_2
https://matomo.onestein.eu,golden_data_2
https://mail.talq.eu,golden_data_2
https://mail.jiroutdesign.cz,golden_data_2
https://356165.cc,golden_data_2
https://mail.vicinitas.de,golden_data_2
http://mail.itgramm.com,golden_data_2
https://smtp.cydef.us,golden_data_2
https://aizyw.com,golden_data_2
https://xnxxrush.com,golden_data_2
http://roccosiffrediporn.net,golden_data_2
https://nhathongminh360.net,golden_data_2
https://mail.moenormanway.com,golden_data_2
https://thedocspros.com,golden_data_2
https://drive.expressproekt.com,golden_data_2
https://mail.sylviiu.dev,golden_data_2
https://mail.sccft1950.com,golden_data_2
https://fluffles.club,golden_data_2
https://rockpaperscissorsscoot.com,golden_data_2
https://mailserver01.jerome-frede.eu,golden_data_2
https://lemoncleaning.gr,golden_data_2
https://ruthproudlyquestion.top,golden_data_2
https://onstagefacts.com,golden_data_2
https://rembg.ai,golden_data_2
https://yydsblzb.top,golden_data_2
https://siska.video,golden_data_2
https://impossibilityfighter.com,golden_data_2
https://fsl-stream.lu,golden_data_2
https://upvocate.co,golden_data_2
https://ranchtaught.com,golden_data_2
https://jellyfin.brozzu.xyz,golden_data_2
https://zldamian.de,golden_data_2
https://yycm.games,golden_data_2
http://autodiscover.tisi-sg.com,golden_data_2
https://truyhgkfdfksrffdjhgf.cfd,golden_data_2
https://rotundfetch.com,golden_data_2
https://025lww.com,golden_data_2
https://orthodonticsinmiami.com,golden_data_2
https://nc.at640.com,golden_data_2
https://missavxxx.com,golden_data_2
https://serverpool.net,golden_data_2
https://attendancereporterwren.com,golden_data_2
https://mail.securedigitalcontent.net,golden_data_2
https://phantomconstructions.com,golden_data_2
https://tsg.3-a.net,golden_data_2
https://dienvip.online,golden_data_2
https://apromex.gal,golden_data_2
https://camcaps.sx,golden_data_2
https://meiguodizhi.com,golden_data_2
https://wheelstweakautopsy.com,golden_data_2
https://mail.zauberkiste.net,golden_data_2
https://greeneninnovation.nl,golden_data_2
https://bonnmdfsdfdsfds.cfd,golden_data_2
http://cpasmartads.space,golden_data_2
https://looksblazeconfidentiality.com,golden_data_2
https://airbnb.whalemobile.com,golden_data_2
https://cdnupbom.com,golden_data_2
https://spartanelectricals.com,golden_data_2
https://oginak.com,golden_data_2
https://henriettaproducesdecide.com,golden_data_2
https://cpanel.nerdwar.one,golden_data_2
http://aeffdbfhdfvdfgdfgdf.cfd,golden_data_2
https://awaydefinitecreature.com,golden_data_2
https://mx.influx.io,golden_data_2
https://domeclosureassert.com,golden_data_2
https://senior-support-lab.life,golden_data_2
https://sportstream1.com,golden_data_2
https://1xbetx2.ru,golden_data_2
https://gotempelman.duckdns.org,golden_data_2
https://bazi.today,golden_data_2
https://mail.webrechenknecht.de,golden_data_2
https://mail01.isp-projects.de,golden_data_2
https://wx.viptop.top,golden_data_2
https://mail.dondernet.nl,golden_data_2
https://matomo.hactar.is,golden_data_2
https://gogoanimes.so,golden_data_2
https://rusergames.com,golden_data_2
https://mail.farafonov.dev,golden_data_2
https://mail.droidfit.com,golden_data_2
https://pomptame.com,golden_data_2
https://coffeetooyourdesk.com,golden_data_2
https://mail.rauchleder.de,golden_data_2
https://koretech.nl,golden_data_2
https://mail.anothermailserver.com,golden_data_2
https://ysys60.xyz,golden_data_2
https://webmail.quillnext.com,golden_data_2
https://mail.riderapid.com,golden_data_2
https://matomo.clickthruserver.com,golden_data_2
https://ruralserv.ro,golden_data_2
http://nfdhfhdghsdgsdgsdgsdgsd.cfd,golden_data_2
https://future75315.com,golden_data_1
https://kannabiszmagazin.hu,golden_data_2
https://internetcontigo.com,golden_data_2
http://mail2.veniya.com,golden_data_2
https://mail.freemobinaute.com,golden_data_2
https://mail.mushroomsguide.com,golden_data_2
https://ox.zengo.eu,golden_data_2
http://webmail.rhubcom.com,golden_data_2
https://allthingsdressage.com,golden_data_2
https://shural.com,golden_data_2
https://vault.outbreakservers.com,golden_data_2
https://frontlineschool.ae,golden_data_2
https://braidformulathick.com,golden_data_2
https://batutoring.com,golden_data_2
https://crossmediaworks.com,golden_data_2
https://matomo.sprqvntrs.com,golden_data_2
https://cet-app.mx.lowcode.siemens.cloud,golden_data_2
https://arboxy.com,golden_data_2
https://mail.justworks.dk,golden_data_2
https://vmkdigitalholdings.com,golden_data_2
https://pcscentralamerica.info,golden_data_2
https://halijah.emperor-sg.com,golden_data_2
https://martigues.azome.fr,golden_data_2
https://dc147.obitastar.com,golden_data_2
https://alpastino.com,golden_data_2
https://scjohn.com,golden_data_2
https://questioningsanctifypuberty.com,golden_data_2
http://lanexdvr.com,golden_data_2
https://porn0video.org,golden_data_2
https://amsterdamposters.com,golden_data_2
https://firewoodpeerlessuphill.com,golden_data_2
http://cloud55.serverpax.com,golden_data_2
https://mail.sitewell.cz,golden_data_2
https://mail.firerescue911.com,golden_data_2
https://marbleapplicationsblushing.com,golden_data_2
https://myzuka.club,golden_data_2
http://woongnas.duckdns.org,golden_data_2
https://worldsports4u.live,golden_data_2
https://papa4k.online,golden_data_2
https://webmail.nevaehtech.com,golden_data_2
https://skiofficerdemote.com,golden_data_2
https://archaicin.com,golden_data_2
https://mail.ag-is.ru,golden_data_2
https://3dzorg.nl,golden_data_2
https://mail.fplusbinternational.com,golden_data_2
https://propertysellers.lk,golden_data_2
https://blog.zdsports.org,golden_data_2
https://km33512.keymachine.de,golden_data_2
http://fulltopvideo.store,golden_data_2
https://ncghg691.com,golden_data_2
https://d.ippapp.com,golden_data_2
https://bingocasino.pro,golden_data_2
https://freight-coin.com,golden_data_2
https://shamelessgoodwill.com,golden_data_2
https://instructoralphabetoverreact.com,golden_data_2
https://wjthyx.qisp.cn,golden_data_2
https://matomo.foreverflorist.com,golden_data_2
https://gjhdshgjhuruhjuuuuuruu.cfd,golden_data_2
https://38qk8.com,golden_data_2
https://undertakinghomeyegg.com,golden_data_2
https://mail.triccessmail.de,golden_data_2
https://txtduo.net,golden_data_2
https://matomo.klean.dk,golden_data_2
https://pomail.in,golden_data_2
https://bigfeetstudio.cn,golden_data_2
https://buffviewx.com,golden_data_2
https://mandrillapp.com,golden_data_2
https://myniceposts.com,golden_data_2
https://mail.peerzone.net,golden_data_2
https://img.3dmxku.com,golden_data_2
https://matomo-ams-1.h5mag.net,golden_data_2
https://mail01.domservice.de,golden_data_2
https://mail.ok420realtor.com,golden_data_2
https://mail.softcomm.ru,golden_data_2
https://informations-business.com,golden_data_2
https://5ph8.com,golden_data_2
https://km35214-01.keymachine.de,golden_data_2
https://asc-jo.net,golden_data_2
https://123watch.to,golden_data_2
https://webmail.scooptruth.com,golden_data_2
https://yamato-water.com,golden_data_2
https://mail.mailbase.xyz,golden_data_2
https://vehijuridico.com,golden_data_2
https://gizmoporno.com,golden_data_2
https://a-newlovingera.com,golden_data_2
https://letsdocbd.com,golden_data_2
https://ms1037.securen.net,golden_data_2
https://v6embed.xyz,golden_data_2
https://respectableinjurefortunate.com,golden_data_2
https://inabilitytraditional.com,golden_data_2
https://cpanel.5thdegreeconsulting.com,golden_data_2
https://russteks.ru,golden_data_2
https://youzaic.com,golden_data_2
https://mail.hinetlending.com,golden_data_2
https://pointpumps.com,golden_data_2
https://afro.nu,golden_data_2
https://sabnzbd.jejawi.com,golden_data_2
https://mail.apaa2023.com,golden_data_2
https://ideatech.email,golden_data_2
http://taxienbarcelona.org,golden_data_2
https://rjhfughfjgfjhjfkkkkkk.cfd,golden_data_2
https://mail.designexample02.com,golden_data_2
https://secure.argos-network.com,golden_data_2
https://zhsqiydzkjysgs.com,golden_data_2
https://mail.letsko.com,golden_data_2
https://blaze.lamhome.org,golden_data_2
http://mail.kmxcloud.com,golden_data_2
https://disagreeableallen.com,golden_data_2
https://exploretoursindia.com,golden_data_2
https://enrichdressedprecursor.com,golden_data_2
https://pictureorderhelp.com,golden_data_2
https://mail.quest-it.eu,golden_data_2
https://anireki.com,golden_data_2
https://valuedpulverizelegitimate.com,golden_data_2
https://ikataxi.ml,golden_data_2
https://mail.ecomdship.com,golden_data_2
https://mail.hot-chilli.net,golden_data_2
https://autodiscover.rglass.ru,golden_data_2
https://amazon-cloudfront-app.unblockyouku.mobi,golden_data_2
https://securemobile-info.com,golden_data_2
https://whileinferioryourself.com,golden_data_2
https://xb.qiyukejiapp.com,golden_data_2
https://1win-com.ru,golden_data_2
https://mx3.lultimobyte.it,golden_data_2
https://kunstsammlungen.cloud,golden_data_2
https://vastagovivo.com,golden_data_2
https://webmail.joplinrac.org,golden_data_2
https://mail.greenwasp.at,golden_data_2
https://mail.cuesportbilliardacademy.com,golden_data_2
https://oppositevarietiesdepict.com,golden_data_2
https://momyhome.cn,golden_data_2
https://mediahaos.ru,golden_data_2
https://liwex.online,golden_data_2
https://mail.smphost.com,golden_data_2
https://lureillegimateillegimate.com,golden_data_2
https://siamstr.com,golden_data_2
https://mail.epiphanyproductionstudio.com,golden_data_2
https://xuecaijie.com,golden_data_2
https://cpanel.pcswimclub.net,golden_data_2
https://poczta.atone.pl,golden_data_2
https://webmail.booksaudilimo.com,golden_data_2
https://tj88666.cfd,golden_data_2
https://vacationsoot.com,golden_data_2
https://girlsflirtmania.life,golden_data_2
https://accurate.oplj3yo.cn,golden_data_2
http://default.pibs-app.net,golden_data_2
https://mailserver.sensomedia.lv,golden_data_2
https://probablebeeper.com,golden_data_2
https://mail.tekavec.net,golden_data_2
https://crichdstreaming.cc,golden_data_2
https://matomo.sealy.cn,golden_data_2
https://mail.rbasoft.ru,golden_data_2
https://h5sdk.zhuazhuagame.com,golden_data_2
https://pornbrick.com,golden_data_2
https://mail.progist.ru,golden_data_2
https://feinen.net,golden_data_2
https://tonicneighbouring.com,golden_data_2
https://kaiyun686898.com,golden_data_2
https://myprivateislandgetaways.com,golden_data_2
http://mail.sistemaluminium.ru,golden_data_2
https://km35324-04.keymachine.de,golden_data_2
https://mail.mak-it-solutions.com,golden_data_2
https://mailserver01.elitetelecom.us,golden_data_2
https://dasporno.com,golden_data_2
https://birkenstock-sg.com,golden_data_1
https://4d-win.com,golden_data_2
https://webmail.digitalsea.ae,golden_data_2
https://almunfht.com,golden_data_2
https://notes.bluebridgesync.com,golden_data_2
https://mail.clemawe.com,golden_data_2
https://lush-lush.com,golden_data_2
https://fomny.info,golden_data_2
https://mail.top10registeredagent.com,golden_data_2
https://mail.froeschke.net,golden_data_2
https://koreanhdxvideos.com,golden_data_2
https://mymissav.cc,golden_data_2
https://zhengikkyu.com,golden_data_2
https://bmtuu.site,golden_data_2
https://mail.ajteccon.de,golden_data_2
https://sv2.sptgm.net,golden_data_2
http://kuehnlein.mooo.com,golden_data_2
https://freebiebarn.com,golden_data_2
https://preserveweddings.com,golden_data_2
https://mail.cientifico.one,golden_data_2
https://realgbedu.com,golden_data_2
http://apsapp.cn,golden_data_2
https://cloud.schierenberg.net,golden_data_2
https://mail.gss-plus.ru,golden_data_2
https://mail.for-futu.re,golden_data_2
https://moviesnipipay.me,golden_data_2
https://de.rbtdigital.com,golden_data_2
https://mail.logosconsult.ru,golden_data_2
https://mail.ashton.com,golden_data_2
https://content-cooperation.com,golden_data_2
https://desertsutilizetopless.com,golden_data_2
https://mail.minzoong.kim,golden_data_2
https://mx1.mintis.net,golden_data_2
